{
    "data_blocks": [
        {
            "category": 62,
            "content": {
                "index": 3,
                "length": 11,
                "records": [
                    {
                        "010": {
                            "SAC": 176,
                            "SIC": 177
                        },
                        "105": {
                            "Lat": -8041.411768198013,
                            "Lon": 10119.52940940857
                        }
                    }
                ]
            },
            "length": 14
        }
    ]
}
